Cluster,Members,Representative,"Weighted Score"
0,122,Center,-1121.4
0,122,"Lowest Energy",-1235.7
1,110,Center,-1021.1
1,110,"Lowest Energy",-1217.1
2,103,Center,-970.6
2,103,"Lowest Energy",-1369.0
3,101,Center,-1233.6
3,101,"Lowest Energy",-1708.6
4,75,Center,-1082.6
4,75,"Lowest Energy",-1305.4
5,73,Center,-901.7
5,73,"Lowest Energy",-1107.8
6,72,Center,-1160.2
6,72,"Lowest Energy",-1360.4
7,42,Center,-1405.0
7,42,"Lowest Energy",-1405.0
8,39,Center,-1047.5
8,39,"Lowest Energy",-1111.2
9,33,Center,-1025.1
9,33,"Lowest Energy",-1094.5
10,28,Center,-996.9
10,28,"Lowest Energy",-1023.0
11,26,Center,-1122.7
11,26,"Lowest Energy",-1122.7
12,25,Center,-1100.8
12,25,"Lowest Energy",-1180.6
13,23,Center,-998.4
13,23,"Lowest Energy",-1134.8
14,22,Center,-1088.7
14,22,"Lowest Energy",-1211.3
15,21,Center,-1000.7
15,21,"Lowest Energy",-1380.2
16,18,Center,-963.8
16,18,"Lowest Energy",-997.6
17,13,Center,-1180.2
17,13,"Lowest Energy",-1180.2
18,12,Center,-902.5
18,12,"Lowest Energy",-1087.3
19,9,Center,-910.3
19,9,"Lowest Energy",-1096.3
20,4,Center,-958.0
20,4,"Lowest Energy",-992.0
21,3,Center,-914.7
21,3,"Lowest Energy",-1003.2
22,2,Center,-902.8
22,2,"Lowest Energy",-928.4
