Cluster,Members,Representative,"Weighted Score"
0,108,Center,-1830.7
0,108,"Lowest Energy",-2288.6
1,107,Center,-2387.7
1,107,"Lowest Energy",-3130.5
2,104,Center,-2235.5
2,104,"Lowest Energy",-2235.5
3,103,Center,-1852.5
3,103,"Lowest Energy",-2405.9
4,97,Center,-1799.3
4,97,"Lowest Energy",-2381.7
5,85,Center,-1807.5
5,85,"Lowest Energy",-2686.9
6,53,Center,-1941.9
6,53,"Lowest Energy",-2205.6
7,50,Center,-1863.9
7,50,"Lowest Energy",-1969.1
8,50,Center,-2648.1
8,50,"Lowest Energy",-2648.1
9,47,Center,-2249.9
9,47,"Lowest Energy",-2488.2
10,30,Center,-2186.0
10,30,"Lowest Energy",-2186.0
11,27,Center,-1768.9
11,27,"Lowest Energy",-1902.2
12,26,Center,-1975.3
12,26,"Lowest Energy",-1975.3
13,20,Center,-1860.0
13,20,"Lowest Energy",-2452.8
14,19,Center,-1964.3
14,19,"Lowest Energy",-2116.8
15,18,Center,-1960.5
15,18,"Lowest Energy",-1960.5
16,17,Center,-1835.2
16,17,"Lowest Energy",-1903.0
17,16,Center,-1972.6
17,16,"Lowest Energy",-1972.6
18,10,Center,-1759.3
18,10,"Lowest Energy",-1852.2
19,7,Center,-1735.8
19,7,"Lowest Energy",-1765.8
