Cluster,Members,Representative,"Weighted Score"
0,116,Center,-966.1
0,116,"Lowest Energy",-1229.4
1,114,Center,-914.1
1,114,"Lowest Energy",-1385.1
2,100,Center,-1246.1
2,100,"Lowest Energy",-1746.2
3,96,Center,-1055.1
3,96,"Lowest Energy",-1213.6
4,75,Center,-1170.7
4,75,"Lowest Energy",-1435.1
5,73,Center,-1090.4
5,73,"Lowest Energy",-1295.6
6,62,Center,-912.3
6,62,"Lowest Energy",-1118.3
7,44,Center,-1431.6
7,44,"Lowest Energy",-1431.6
8,35,Center,-979.1
8,35,"Lowest Energy",-1135.2
9,33,Center,-915.2
9,33,"Lowest Energy",-1150.6
10,31,Center,-925.3
10,31,"Lowest Energy",-1199.4
11,30,Center,-945.8
11,30,"Lowest Energy",-1038.5
12,25,Center,-922.5
12,25,"Lowest Energy",-1020.9
13,24,Center,-1112.3
13,24,"Lowest Energy",-1112.3
14,22,Center,-984.8
14,22,"Lowest Energy",-1373.7
15,21,Center,-1080.8
15,21,"Lowest Energy",-1211.8
16,15,Center,-919.0
16,15,"Lowest Energy",-1125.2
17,14,Center,-921.5
17,14,"Lowest Energy",-1230.4
18,12,Center,-918.4
18,12,"Lowest Energy",-1125.0
19,11,Center,-931.2
19,11,"Lowest Energy",-1109.6
