Cluster,Members,Representative,"Weighted Score"
0,78,Center,-174.2
0,78,"Lowest Energy",-176.3
1,66,Center,-154.8
1,66,"Lowest Energy",-175.3
2,61,Center,-136.5
2,61,"Lowest Energy",-193.8
3,52,Center,-181.0
3,52,"Lowest Energy",-181.0
4,45,Center,-168.6
4,45,"Lowest Energy",-171.0
5,38,Center,-145.7
5,38,"Lowest Energy",-157.1
6,35,Center,-164.2
6,35,"Lowest Energy",-164.2
7,33,Center,-152.9
7,33,"Lowest Energy",-152.9
8,33,Center,-167.3
8,33,"Lowest Energy",-167.3
9,31,Center,-149.8
9,31,"Lowest Energy",-151.7
10,27,Center,-133.1
10,27,"Lowest Energy",-173.8
11,25,Center,-155.3
11,25,"Lowest Energy",-155.3
12,24,Center,-153.0
12,24,"Lowest Energy",-156.1
13,22,Center,-170.5
13,22,"Lowest Energy",-170.5
14,22,Center,-168.2
14,22,"Lowest Energy",-168.2
15,22,Center,-139.6
15,22,"Lowest Energy",-164.5
16,20,Center,-152.3
16,20,"Lowest Energy",-157.0
17,19,Center,-133.1
17,19,"Lowest Energy",-153.6
18,17,Center,-148.3
18,17,"Lowest Energy",-155.9
19,17,Center,-132.6
19,17,"Lowest Energy",-150.1
20,17,Center,-154.1
20,17,"Lowest Energy",-154.1
21,16,Center,-158.8
21,16,"Lowest Energy",-158.8
22,16,Center,-140.4
22,16,"Lowest Energy",-155.4
23,15,Center,-146.5
23,15,"Lowest Energy",-146.5
24,14,Center,-161.5
24,14,"Lowest Energy",-161.5
25,14,Center,-147.9
25,14,"Lowest Energy",-147.9
26,14,Center,-143.4
26,14,"Lowest Energy",-148.5
27,13,Center,-150.2
27,13,"Lowest Energy",-150.2
28,12,Center,-145.5
28,12,"Lowest Energy",-145.5
29,11,Center,-177.7
29,11,"Lowest Energy",-177.7
