Cluster,Members,Representative,"Weighted Score"
0,77,Center,-204.9
0,77,"Lowest Energy",-273.2
1,71,Center,-239.2
1,71,"Lowest Energy",-279.7
2,68,Center,-182.5
2,68,"Lowest Energy",-208.3
3,68,Center,-187.3
3,68,"Lowest Energy",-239.2
4,56,Center,-177.6
4,56,"Lowest Energy",-206.1
5,47,Center,-259.3
5,47,"Lowest Energy",-337.9
6,40,Center,-179.2
6,40,"Lowest Energy",-220.9
7,30,Center,-168.8
7,30,"Lowest Energy",-203.6
8,28,Center,-185.8
8,28,"Lowest Energy",-185.8
9,25,Center,-172.4
9,25,"Lowest Energy",-227.9
10,25,Center,-195.0
10,25,"Lowest Energy",-209.7
11,25,Center,-201.0
11,25,"Lowest Energy",-220.1
12,24,Center,-184.8
12,24,"Lowest Energy",-196.6
13,23,Center,-167.0
13,23,"Lowest Energy",-189.5
14,23,Center,-207.2
14,23,"Lowest Energy",-207.2
15,23,Center,-182.1
15,23,"Lowest Energy",-205.6
16,22,Center,-264.5
16,22,"Lowest Energy",-264.5
17,21,Center,-176.0
17,21,"Lowest Energy",-189.0
18,20,Center,-171.7
18,20,"Lowest Energy",-196.9
19,20,Center,-182.7
19,20,"Lowest Energy",-193.4
20,20,Center,-200.6
20,20,"Lowest Energy",-200.6
21,18,Center,-186.3
21,18,"Lowest Energy",-234.1
22,18,Center,-175.6
22,18,"Lowest Energy",-193.0
23,15,Center,-177.9
23,15,"Lowest Energy",-177.9
24,12,Center,-167.2
24,12,"Lowest Energy",-183.7
25,12,Center,-177.3
25,12,"Lowest Energy",-183.2
26,11,Center,-188.2
26,11,"Lowest Energy",-188.2
27,11,Center,-182.2
27,11,"Lowest Energy",-182.2
28,10,Center,-164.0
28,10,"Lowest Energy",-250.8
29,10,Center,-178.1
29,10,"Lowest Energy",-178.1
