Cluster,Members,Representative,"Weighted Score"
0,91,Center,-1394.4
0,91,"Lowest Energy",-1686.4
1,66,Center,-1590.8
1,66,"Lowest Energy",-1590.8
2,54,Center,-1350.4
2,54,"Lowest Energy",-1492.7
3,54,Center,-1317.0
3,54,"Lowest Energy",-1330.7
4,49,Center,-1184.3
4,49,"Lowest Energy",-1364.8
5,48,Center,-1387.6
5,48,"Lowest Energy",-1542.2
6,43,Center,-1269.2
6,43,"Lowest Energy",-1392.5
7,37,Center,-1141.0
7,37,"Lowest Energy",-1416.7
8,34,Center,-1386.9
8,34,"Lowest Energy",-1434.2
9,34,Center,-1248.2
9,34,"Lowest Energy",-1248.2
10,33,Center,-1175.3
10,33,"Lowest Energy",-1419.1
11,32,Center,-1170.5
11,32,"Lowest Energy",-1338.3
12,32,Center,-1126.5
12,32,"Lowest Energy",-1494.9
13,32,Center,-1552.9
13,32,"Lowest Energy",-1552.9
14,31,Center,-1269.4
14,31,"Lowest Energy",-1414.0
15,30,Center,-1143.4
15,30,"Lowest Energy",-1271.8
16,28,Center,-1095.5
16,28,"Lowest Energy",-1484.3
17,27,Center,-1201.0
17,27,"Lowest Energy",-1487.8
18,25,Center,-1171.1
18,25,"Lowest Energy",-1249.9
19,24,Center,-1087.2
19,24,"Lowest Energy",-1333.8
20,20,Center,-1098.7
20,20,"Lowest Energy",-1281.1
21,17,Center,-1200.9
21,17,"Lowest Energy",-1242.3
22,16,Center,-1208.5
22,16,"Lowest Energy",-1385.7
23,15,Center,-1102.8
23,15,"Lowest Energy",-1438.7
24,15,Center,-1111.4
24,15,"Lowest Energy",-1224.7
25,15,Center,-1113.3
25,15,"Lowest Energy",-1138.5
26,14,Center,-1101.5
26,14,"Lowest Energy",-1199.3
27,13,Center,-1110.3
27,13,"Lowest Energy",-1275.9
28,10,Center,-1119.5
28,10,"Lowest Energy",-1294.4
29,10,Center,-1081.8
29,10,"Lowest Energy",-1350.9
