Cluster,Members,Representative,"Weighted Score"
0,84,Center,-2374.0
0,84,"Lowest Energy",-2874.7
1,67,Center,-2773.1
1,67,"Lowest Energy",-2789.3
2,66,Center,-2238.7
2,66,"Lowest Energy",-2528.1
3,62,Center,-2584.9
3,62,"Lowest Energy",-2612.0
4,52,Center,-2649.2
4,52,"Lowest Energy",-2717.9
5,48,Center,-2302.3
5,48,"Lowest Energy",-2302.3
6,47,Center,-2352.4
6,47,"Lowest Energy",-2513.4
7,45,Center,-1977.2
7,45,"Lowest Energy",-2287.2
8,45,Center,-2644.5
8,45,"Lowest Energy",-2644.5
9,44,Center,-2261.3
9,44,"Lowest Energy",-2606.4
10,36,Center,-1977.4
10,36,"Lowest Energy",-2358.3
11,35,Center,-2093.4
11,35,"Lowest Energy",-2442.2
12,30,Center,-2309.4
12,30,"Lowest Energy",-2556.5
13,30,Center,-2151.0
13,30,"Lowest Energy",-2151.0
14,29,Center,-2249.6
14,29,"Lowest Energy",-2387.5
15,28,Center,-2345.4
15,28,"Lowest Energy",-2354.6
16,25,Center,-2466.4
16,25,"Lowest Energy",-2548.1
17,24,Center,-2003.4
17,24,"Lowest Energy",-2470.1
18,23,Center,-2207.6
18,23,"Lowest Energy",-2277.1
19,23,Center,-2169.0
19,23,"Lowest Energy",-2172.1
20,22,Center,-2047.8
20,22,"Lowest Energy",-2258.2
21,19,Center,-2335.8
21,19,"Lowest Energy",-2505.1
22,18,Center,-1992.9
22,18,"Lowest Energy",-2491.6
23,18,Center,-2045.3
23,18,"Lowest Energy",-2610.0
24,17,Center,-2348.7
24,17,"Lowest Energy",-2348.7
25,16,Center,-2259.2
25,16,"Lowest Energy",-2313.4
26,15,Center,-2416.0
26,15,"Lowest Energy",-2416.0
27,11,Center,-2191.1
27,11,"Lowest Energy",-2251.0
28,10,Center,-2081.9
28,10,"Lowest Energy",-2410.9
