Cluster,Members,Representative,"Weighted Score"
0,95,Center,-1331.4
0,95,"Lowest Energy",-1641.5
1,69,Center,-1576.0
1,69,"Lowest Energy",-1584.5
2,58,Center,-1347.5
2,58,"Lowest Energy",-1436.8
3,52,Center,-1291.7
3,52,"Lowest Energy",-1323.1
4,50,Center,-1337.7
4,50,"Lowest Energy",-1367.2
5,49,Center,-1185.1
5,49,"Lowest Energy",-1343.6
6,44,Center,-1321.2
6,44,"Lowest Energy",-1536.4
7,41,Center,-1172.8
7,41,"Lowest Energy",-1323.0
8,40,Center,-1116.8
8,40,"Lowest Energy",-1400.5
9,34,Center,-1379.0
9,34,"Lowest Energy",-1422.3
10,34,Center,-1232.9
10,34,"Lowest Energy",-1236.5
11,33,Center,-1283.8
11,33,"Lowest Energy",-1409.4
12,33,Center,-1221.2
12,33,"Lowest Energy",-1428.8
13,33,Center,-1206.5
13,33,"Lowest Energy",-1419.4
14,31,Center,-1211.9
14,31,"Lowest Energy",-1470.3
15,31,Center,-1551.2
15,31,"Lowest Energy",-1551.2
16,27,Center,-1219.3
16,27,"Lowest Energy",-1257.0
17,24,Center,-1163.5
17,24,"Lowest Energy",-1221.9
18,23,Center,-1072.7
18,23,"Lowest Energy",-1417.2
19,22,Center,-1115.5
19,22,"Lowest Energy",-1179.7
20,22,Center,-1214.3
20,22,"Lowest Energy",-1214.3
21,21,Center,-1233.7
21,21,"Lowest Energy",-1472.6
22,20,Center,-1167.4
22,20,"Lowest Energy",-1374.1
23,16,Center,-1138.0
23,16,"Lowest Energy",-1141.3
24,13,Center,-1153.3
24,13,"Lowest Energy",-1317.9
25,11,Center,-1088.3
25,11,"Lowest Energy",-1262.9
26,10,Center,-1118.6
26,10,"Lowest Energy",-1146.0
27,9,Center,-1288.3
27,9,"Lowest Energy",-1362.4
