Cluster,Members,Representative,"Weighted Score"
0,124,Center,-1855.9
0,124,"Lowest Energy",-1908.0
1,95,Center,-1985.8
1,95,"Lowest Energy",-1985.8
2,68,Center,-1717.3
2,68,"Lowest Energy",-2012.7
3,66,Center,-2173.9
3,66,"Lowest Energy",-2177.2
4,62,Center,-2168.3
4,62,"Lowest Energy",-2168.3
5,52,Center,-1831.7
5,52,"Lowest Energy",-1959.4
6,52,Center,-1691.2
6,52,"Lowest Energy",-1787.2
7,49,Center,-1655.7
7,49,"Lowest Energy",-2170.6
8,47,Center,-1774.0
8,47,"Lowest Energy",-2208.8
9,41,Center,-1894.0
9,41,"Lowest Energy",-2001.1
10,31,Center,-1854.5
10,31,"Lowest Energy",-2178.2
11,30,Center,-1678.1
11,30,"Lowest Energy",-2011.4
12,28,Center,-1927.9
12,28,"Lowest Energy",-2051.6
13,26,Center,-1665.4
13,26,"Lowest Energy",-1871.9
14,25,Center,-1738.9
14,25,"Lowest Energy",-1738.9
15,24,Center,-2031.6
15,24,"Lowest Energy",-2047.2
16,22,Center,-1638.5
16,22,"Lowest Energy",-1832.0
17,22,Center,-2262.1
17,22,"Lowest Energy",-2262.1
18,19,Center,-1594.8
18,19,"Lowest Energy",-2118.1
19,18,Center,-1644.4
19,18,"Lowest Energy",-1725.2
20,12,Center,-1635.5
20,12,"Lowest Energy",-1845.2
21,12,Center,-1823.4
21,12,"Lowest Energy",-1823.4
22,8,Center,-1727.7
22,8,"Lowest Energy",-2056.0
23,1,Center,-1630.0
23,1,"Lowest Energy",-1630.0
