Cluster,Members,Representative,"Weighted Score"
0,59,Center,-174.6
0,59,"Lowest Energy",-174.6
1,56,Center,-144.0
1,56,"Lowest Energy",-188.4
2,44,Center,-126.7
2,44,"Lowest Energy",-186.6
3,40,Center,-130.6
3,40,"Lowest Energy",-152.0
4,39,Center,-132.9
4,39,"Lowest Energy",-148.6
5,38,Center,-131.8
5,38,"Lowest Energy",-161.4
6,37,Center,-152.9
6,37,"Lowest Energy",-184.6
7,37,Center,-163.2
7,37,"Lowest Energy",-163.2
8,36,Center,-130.2
8,36,"Lowest Energy",-138.3
9,31,Center,-162.6
9,31,"Lowest Energy",-178.2
10,30,Center,-155.1
10,30,"Lowest Energy",-155.1
11,27,Center,-147.3
11,27,"Lowest Energy",-177.7
12,27,Center,-175.0
12,27,"Lowest Energy",-175.0
13,27,Center,-159.4
13,27,"Lowest Energy",-159.4
14,26,Center,-138.6
14,26,"Lowest Energy",-138.6
15,25,Center,-158.8
15,25,"Lowest Energy",-167.2
16,24,Center,-153.5
16,24,"Lowest Energy",-153.5
17,22,Center,-154.3
17,22,"Lowest Energy",-158.9
18,22,Center,-132.6
18,22,"Lowest Energy",-147.6
19,21,Center,-174.9
19,21,"Lowest Energy",-174.9
20,20,Center,-132.0
20,20,"Lowest Energy",-158.4
21,20,Center,-180.2
21,20,"Lowest Energy",-192.2
22,19,Center,-135.0
22,19,"Lowest Energy",-142.2
23,18,Center,-158.3
23,18,"Lowest Energy",-170.1
24,14,Center,-140.9
24,14,"Lowest Energy",-159.6
25,13,Center,-129.0
25,13,"Lowest Energy",-137.3
26,13,Center,-140.2
26,13,"Lowest Energy",-155.9
27,12,Center,-142.2
27,12,"Lowest Energy",-166.2
28,11,Center,-128.8
28,11,"Lowest Energy",-131.9
29,10,Center,-127.8
29,10,"Lowest Energy",-175.8
