Cluster,Members,Representative,"Weighted Score"
0,114,Center,-1066.9
0,114,"Lowest Energy",-1131.3
1,52,Center,-1144.2
1,52,"Lowest Energy",-1294.3
2,50,Center,-996.6
2,50,"Lowest Energy",-1065.9
3,47,Center,-992.2
3,47,"Lowest Energy",-992.2
4,36,Center,-895.9
4,36,"Lowest Energy",-1026.1
5,34,Center,-1010.9
5,34,"Lowest Energy",-1254.4
6,34,Center,-962.1
6,34,"Lowest Energy",-1030.7
7,32,Center,-1113.9
7,32,"Lowest Energy",-1120.9
8,32,Center,-902.8
8,32,"Lowest Energy",-1240.5
9,31,Center,-1320.1
9,31,"Lowest Energy",-1320.1
10,30,Center,-960.5
10,30,"Lowest Energy",-971.2
11,29,Center,-972.0
11,29,"Lowest Energy",-1112.1
12,29,Center,-988.6
12,29,"Lowest Energy",-1279.8
13,28,Center,-908.3
13,28,"Lowest Energy",-1331.5
14,27,Center,-1022.4
14,27,"Lowest Energy",-1138.9
15,24,Center,-1134.2
15,24,"Lowest Energy",-1134.2
16,23,Center,-909.6
16,23,"Lowest Energy",-1070.7
17,23,Center,-1084.8
17,23,"Lowest Energy",-1084.8
18,22,Center,-946.6
18,22,"Lowest Energy",-979.9
19,22,Center,-1157.4
19,22,"Lowest Energy",-1333.1
20,22,Center,-988.7
20,22,"Lowest Energy",-988.7
21,20,Center,-906.8
21,20,"Lowest Energy",-1093.7
22,18,Center,-986.3
22,18,"Lowest Energy",-1010.4
23,16,Center,-1056.7
23,16,"Lowest Energy",-1138.5
24,15,Center,-1127.2
24,15,"Lowest Energy",-1127.2
25,14,Center,-1085.9
25,14,"Lowest Energy",-1085.9
26,12,Center,-949.5
26,12,"Lowest Energy",-1073.9
27,12,Center,-987.0
27,12,"Lowest Energy",-996.3
28,11,Center,-973.0
28,11,"Lowest Energy",-1132.8
29,10,Center,-1094.4
29,10,"Lowest Energy",-1094.4
