Cluster,Members,Representative,"Weighted Score"
0,108,Center,-1100.7
0,108,"Lowest Energy",-1120.3
1,57,Center,-995.2
1,57,"Lowest Energy",-995.2
2,56,Center,-1004.0
2,56,"Lowest Energy",-1245.9
3,56,Center,-989.0
3,56,"Lowest Energy",-1070.0
4,50,Center,-1117.4
4,50,"Lowest Energy",-1281.1
5,41,Center,-906.4
5,41,"Lowest Energy",-1021.5
6,32,Center,-938.6
6,32,"Lowest Energy",-1001.5
7,32,Center,-927.6
7,32,"Lowest Energy",-1345.1
8,30,Center,-1074.3
8,30,"Lowest Energy",-1087.6
9,28,Center,-1154.6
9,28,"Lowest Energy",-1154.6
10,27,Center,-1292.3
10,27,"Lowest Energy",-1292.3
11,23,Center,-1070.0
11,23,"Lowest Energy",-1070.0
12,22,Center,-888.4
12,22,"Lowest Energy",-958.2
13,22,Center,-1155.2
13,22,"Lowest Energy",-1332.3
14,22,Center,-1044.2
14,22,"Lowest Energy",-1044.2
15,22,Center,-986.8
15,22,"Lowest Energy",-986.8
16,20,Center,-940.1
16,20,"Lowest Energy",-954.6
17,20,Center,-1026.0
17,20,"Lowest Energy",-1026.0
18,19,Center,-1045.3
18,19,"Lowest Energy",-1085.6
19,19,Center,-1170.4
19,19,"Lowest Energy",-1170.4
20,18,Center,-916.3
20,18,"Lowest Energy",-1169.1
21,17,Center,-967.9
21,17,"Lowest Energy",-1049.5
22,16,Center,-953.2
22,16,"Lowest Energy",-1303.0
23,13,Center,-1102.7
23,13,"Lowest Energy",-1102.7
24,13,Center,-1062.1
24,13,"Lowest Energy",-1062.1
25,12,Center,-1063.9
25,12,"Lowest Energy",-1096.9
26,12,Center,-1062.3
26,12,"Lowest Energy",-1062.3
27,12,Center,-1038.3
27,12,"Lowest Energy",-1038.3
28,12,Center,-884.8
28,12,"Lowest Energy",-1146.9
29,11,Center,-924.6
29,11,"Lowest Energy",-936.0
