TimeSeries ID,instance/cpu/utilization.gce_instance.ALIGN_MEAN.REDUCE_NONE.metric.type="compute.googleapis.com/instance/cpu/utilization" resource.type="gce_instance".60s.instance_id:6297501216855991633.project_id:steadfast-range-416312.zone:us-central1-a.instance_name:instance-20240305-131242,instance/cpu/utilization.gce_instance.ALIGN_MEAN.REDUCE_NONE.metric.type="compute.googleapis.com/instance/cpu/utilization" resource.type="gce_instance".60s.instance_id:3920612443474372920.project_id:steadfast-range-416312.zone:us-central1-c.instance_name:instance-20240307-103153,instance/cpu/utilization.gce_instance.ALIGN_MEAN.REDUCE_NONE.metric.type="compute.googleapis.com/instance/cpu/utilization" resource.type="gce_instance".60s.instance_id:3119976233933482679.project_id:steadfast-range-416312.zone:us-central1-c.instance_name:instance-20240307-101711,instance/cpu/utilization.gce_instance.ALIGN_MEAN.REDUCE_NONE.metric.type="compute.googleapis.com/instance/cpu/utilization" resource.type="gce_instance".60s.instance_id:7718435045874349659.project_id:steadfast-range-416312.zone:us-central1-c.instance_name:instance-20240307-092618
instance_name,instance-20240305-131242,instance-20240307-103153,instance-20240307-101711,instance-20240307-092618
project_id,steadfast-range-416312,steadfast-range-416312,steadfast-range-416312,steadfast-range-416312
zone,us-central1-a,us-central1-c,us-central1-c,us-central1-c
instance_id,6297501216855991633,3920612443474372920,3119976233933482679,7718435045874349659
Tue Mar 05 2024 17:00:00 GMT+0300 (GMT+03:00),0.0032021271517898744,undefined,undefined,undefined
Tue Mar 05 2024 18:00:00 GMT+0300 (GMT+03:00),0.5824334446102661,undefined,undefined,undefined
Tue Mar 05 2024 19:00:00 GMT+0300 (GMT+03:00),0.9972855336994609,undefined,undefined,undefined
Tue Mar 05 2024 20:00:00 GMT+0300 (GMT+03:00),0.994272922408813,undefined,undefined,undefined
Tue Mar 05 2024 21:00:00 GMT+0300 (GMT+03:00),1.0001727782261234,undefined,undefined,undefined
Tue Mar 05 2024 22:00:00 GMT+0300 (GMT+03:00),0.9970649737458769,undefined,undefined,undefined
Tue Mar 05 2024 23:00:00 GMT+0300 (GMT+03:00),1.0001741349004554,undefined,undefined,undefined
Wed Mar 06 2024 00:00:00 GMT+0300 (GMT+03:00),0.9975498943780076,undefined,undefined,undefined
Wed Mar 06 2024 01:00:00 GMT+0300 (GMT+03:00),0.9612050552085848,undefined,undefined,undefined
Wed Mar 06 2024 02:00:00 GMT+0300 (GMT+03:00),1.0001706860201685,undefined,undefined,undefined
Wed Mar 06 2024 03:00:00 GMT+0300 (GMT+03:00),1.000171780416735,undefined,undefined,undefined
Wed Mar 06 2024 04:00:00 GMT+0300 (GMT+03:00),1.0001725750428399,undefined,undefined,undefined
Wed Mar 06 2024 05:00:00 GMT+0300 (GMT+03:00),0.9985192255795015,undefined,undefined,undefined
Wed Mar 06 2024 06:00:00 GMT+0300 (GMT+03:00),1.0001741909262158,undefined,undefined,undefined
Wed Mar 06 2024 07:00:00 GMT+0300 (GMT+03:00),1.0001740385076034,undefined,undefined,undefined
Wed Mar 06 2024 08:00:00 GMT+0300 (GMT+03:00),0.9985351445778881,undefined,undefined,undefined
Wed Mar 06 2024 09:00:00 GMT+0300 (GMT+03:00),1.0001719553964308,undefined,undefined,undefined
Wed Mar 06 2024 10:00:00 GMT+0300 (GMT+03:00),1.0001726892991891,undefined,undefined,undefined
Wed Mar 06 2024 11:00:00 GMT+0300 (GMT+03:00),0.9985285288883102,undefined,undefined,undefined
Wed Mar 06 2024 12:00:00 GMT+0300 (GMT+03:00),1.0001737154982344,undefined,undefined,undefined
Wed Mar 06 2024 13:00:00 GMT+0300 (GMT+03:00),1.0001740899741312,undefined,undefined,undefined
Wed Mar 06 2024 14:00:00 GMT+0300 (GMT+03:00),0.998479461269994,undefined,undefined,undefined
Wed Mar 06 2024 15:00:00 GMT+0300 (GMT+03:00),1.0001709405509893,undefined,undefined,undefined
Wed Mar 06 2024 16:00:00 GMT+0300 (GMT+03:00),1.0001721475843837,undefined,undefined,undefined
Wed Mar 06 2024 17:00:00 GMT+0300 (GMT+03:00),1.0001732255339135,undefined,undefined,undefined
Wed Mar 06 2024 18:00:00 GMT+0300 (GMT+03:00),0.9984511397269114,undefined,undefined,undefined
Wed Mar 06 2024 19:00:00 GMT+0300 (GMT+03:00),1.0001741786228495,undefined,undefined,undefined
Wed Mar 06 2024 20:00:00 GMT+0300 (GMT+03:00),1.000174772952962,undefined,undefined,undefined
Wed Mar 06 2024 21:00:00 GMT+0300 (GMT+03:00),0.9984392212063422,undefined,undefined,undefined
Wed Mar 06 2024 22:00:00 GMT+0300 (GMT+03:00),1.0001749612270112,undefined,undefined,undefined
Wed Mar 06 2024 23:00:00 GMT+0300 (GMT+03:00),1.0001748051795516,undefined,undefined,undefined
Thu Mar 07 2024 00:00:00 GMT+0300 (GMT+03:00),0.9984696216672201,undefined,undefined,undefined
Thu Mar 07 2024 01:00:00 GMT+0300 (GMT+03:00),1.0001752692473889,undefined,undefined,undefined
Thu Mar 07 2024 02:00:00 GMT+0300 (GMT+03:00),1.000175177997238,undefined,undefined,undefined
Thu Mar 07 2024 03:00:00 GMT+0300 (GMT+03:00),0.9984770113252213,undefined,undefined,undefined
Thu Mar 07 2024 04:00:00 GMT+0300 (GMT+03:00),1.0001735233939242,undefined,undefined,undefined
Thu Mar 07 2024 05:00:00 GMT+0300 (GMT+03:00),1.0001734886251008,undefined,undefined,undefined
Thu Mar 07 2024 06:00:00 GMT+0300 (GMT+03:00),1.0001753359531629,undefined,undefined,undefined
Thu Mar 07 2024 07:00:00 GMT+0300 (GMT+03:00),0.9984882438373036,undefined,undefined,undefined
Thu Mar 07 2024 08:00:00 GMT+0300 (GMT+03:00),1.000175617337368,undefined,undefined,undefined
Thu Mar 07 2024 09:00:00 GMT+0300 (GMT+03:00),1.0001746262452271,undefined,undefined,undefined
Thu Mar 07 2024 10:00:00 GMT+0300 (GMT+03:00),0.4802661808566755,undefined,undefined,undefined
Thu Mar 07 2024 11:00:00 GMT+0300 (GMT+03:00),0.0012972197952301641,undefined,undefined,undefined
Thu Mar 07 2024 12:00:00 GMT+0300 (GMT+03:00),0.20934066786182653,undefined,undefined,undefined
Thu Mar 07 2024 13:00:00 GMT+0300 (GMT+03:00),1.0001734208111943,undefined,undefined,0.0005859449369725688
Thu Mar 07 2024 14:00:00 GMT+0300 (GMT+03:00),1.0001756334033,0.0005489862847230214,0.00105246851473188,0.00031274323502103707
Thu Mar 07 2024 15:00:00 GMT+0300 (GMT+03:00),1.0001730939678173,0.0003191751713631736,undefined,undefined
Thu Mar 07 2024 16:00:00 GMT+0300 (GMT+03:00),1.0001722259457384,0.00032967827880132835,undefined,undefined
Thu Mar 07 2024 17:00:00 GMT+0300 (GMT+03:00),1.000166886823494,0.00047143142381558166,undefined,undefined
Thu Mar 07 2024 18:00:00 GMT+0300 (GMT+03:00),1.0001659930212072,0.0004763154123341821,undefined,undefined
Thu Mar 07 2024 19:00:00 GMT+0300 (GMT+03:00),1.000169213511346,0.00036914581623228654,undefined,undefined
Thu Mar 07 2024 20:00:00 GMT+0300 (GMT+03:00),1.0001746789108832,0.00034076587576576945,undefined,undefined
Thu Mar 07 2024 21:00:00 GMT+0300 (GMT+03:00),1.0001747102324021,0.0003583880471523244,undefined,undefined
Thu Mar 07 2024 22:00:00 GMT+0300 (GMT+03:00),1.00017516348511,0.00036120830048744673,undefined,undefined
Thu Mar 07 2024 23:00:00 GMT+0300 (GMT+03:00),1.0001738197873276,0.14850268552111195,undefined,undefined
Fri Mar 08 2024 00:00:00 GMT+0300 (GMT+03:00),1.000175029645495,1.0001540056791738,undefined,undefined
Fri Mar 08 2024 01:00:00 GMT+0300 (GMT+03:00),1.0001751953497884,1.0001581440781788,undefined,undefined
Fri Mar 08 2024 02:00:00 GMT+0300 (GMT+03:00),1.000175294925487,1.0001579106541767,undefined,undefined
Fri Mar 08 2024 03:00:00 GMT+0300 (GMT+03:00),1.0001745528829837,1.0001561675316961,undefined,undefined
Fri Mar 08 2024 04:00:00 GMT+0300 (GMT+03:00),1.0001754651234878,1.000152782648038,undefined,undefined
Fri Mar 08 2024 05:00:00 GMT+0300 (GMT+03:00),0.9984954506879545,1.0001572980642046,undefined,undefined
Fri Mar 08 2024 06:00:00 GMT+0300 (GMT+03:00),1.0001735677155361,1.000158239858167,undefined,undefined
Fri Mar 08 2024 07:00:00 GMT+0300 (GMT+03:00),1.0001739987863032,1.0001573522012734,undefined,undefined
Fri Mar 08 2024 08:00:00 GMT+0300 (GMT+03:00),1.0001738583728566,1.0001590993818128,undefined,undefined
Fri Mar 08 2024 09:00:00 GMT+0300 (GMT+03:00),1.0001748391759882,1.0001588762149898,undefined,undefined
Fri Mar 08 2024 10:00:00 GMT+0300 (GMT+03:00),1.000173555596689,1.0001585944948306,undefined,undefined
Fri Mar 08 2024 11:00:00 GMT+0300 (GMT+03:00),1.0001732747135168,1.00015886944313,undefined,undefined
Fri Mar 08 2024 12:00:00 GMT+0300 (GMT+03:00),1.0001730835164844,0.998976504615206,undefined,undefined
Fri Mar 08 2024 13:00:00 GMT+0300 (GMT+03:00),1.0001732541904242,1.0001651117372807,undefined,undefined
Fri Mar 08 2024 14:00:00 GMT+0300 (GMT+03:00),1.0001729246969755,1.0001648217166312,undefined,undefined
Fri Mar 08 2024 15:00:00 GMT+0300 (GMT+03:00),1.0001735634174236,1.0001652249972153,undefined,undefined
Fri Mar 08 2024 16:00:00 GMT+0300 (GMT+03:00),1.0001738002251088,1.0001667262234186,undefined,undefined
Fri Mar 08 2024 17:00:00 GMT+0300 (GMT+03:00),1.0001726195777678,1.0001664383013142,undefined,undefined
Fri Mar 08 2024 18:00:00 GMT+0300 (GMT+03:00),1.0001755057159232,1.0001662350139635,undefined,undefined
Fri Mar 08 2024 19:00:00 GMT+0300 (GMT+03:00),1.0001764445470276,1.000165054293742,undefined,undefined
Fri Mar 08 2024 20:00:00 GMT+0300 (GMT+03:00),1.0001762360291122,1.0001658595177596,undefined,undefined
Fri Mar 08 2024 21:00:00 GMT+0300 (GMT+03:00),0.9983457616768361,1.0001662662333008,undefined,undefined
Fri Mar 08 2024 22:00:00 GMT+0300 (GMT+03:00),1.0001759752400003,1.0001664861042174,undefined,undefined
Fri Mar 08 2024 23:00:00 GMT+0300 (GMT+03:00),1.0001767150030327,0.9989506062042502,undefined,undefined
Sat Mar 09 2024 00:00:00 GMT+0300 (GMT+03:00),1.0001755944956119,1.0001646552808912,undefined,undefined
Sat Mar 09 2024 01:00:00 GMT+0300 (GMT+03:00),1.0001772648414993,1.0001646307164318,undefined,undefined
Sat Mar 09 2024 02:00:00 GMT+0300 (GMT+03:00),1.0001773533493634,1.0001650889130367,undefined,undefined
Sat Mar 09 2024 03:00:00 GMT+0300 (GMT+03:00),1.00017598892214,1.0001643344613949,undefined,undefined
Sat Mar 09 2024 04:00:00 GMT+0300 (GMT+03:00),1.0001768520512886,1.0001644091807527,undefined,undefined
Sat Mar 09 2024 05:00:00 GMT+0300 (GMT+03:00),1.0001745435349982,1.0001628286624327,undefined,undefined
Sat Mar 09 2024 06:00:00 GMT+0300 (GMT+03:00),1.0001720053527148,1.0001630721115353,undefined,undefined
Sat Mar 09 2024 07:00:00 GMT+0300 (GMT+03:00),1.0001733270128645,1.0001633861394434,undefined,undefined
Sat Mar 09 2024 08:00:00 GMT+0300 (GMT+03:00),1.0001748780434538,1.0001624759812626,undefined,undefined
Sat Mar 09 2024 09:00:00 GMT+0300 (GMT+03:00),1.0001750332826744,1.0001627611162875,undefined,undefined
Sat Mar 09 2024 10:00:00 GMT+0300 (GMT+03:00),1.0001751829143333,0.9988700714909513,undefined,undefined
Sat Mar 09 2024 11:00:00 GMT+0300 (GMT+03:00),1.0001762856896192,1.0001636102040314,undefined,undefined
Sat Mar 09 2024 12:00:00 GMT+0300 (GMT+03:00),1.0001768965529383,1.000163861639025,undefined,undefined
Sat Mar 09 2024 13:00:00 GMT+0300 (GMT+03:00),0.9984407905221568,1.0001646226317906,undefined,undefined
Sat Mar 09 2024 14:00:00 GMT+0300 (GMT+03:00),1.0001736804216657,1.0001643037838357,undefined,undefined
Sat Mar 09 2024 15:00:00 GMT+0300 (GMT+03:00),1.0001727818885842,1.000164067357093,undefined,undefined
Sat Mar 09 2024 16:00:00 GMT+0300 (GMT+03:00),1.0001730241588873,1.0001635296031777,undefined,undefined
Sat Mar 09 2024 17:00:00 GMT+0300 (GMT+03:00),1.0001731308585509,1.0001641500768934,undefined,undefined
Sat Mar 09 2024 18:00:00 GMT+0300 (GMT+03:00),1.0001734454783897,1.0001634629671003,undefined,undefined
Sat Mar 09 2024 19:00:00 GMT+0300 (GMT+03:00),1.0001727753868117,1.0001633468077984,undefined,undefined
Sat Mar 09 2024 20:00:00 GMT+0300 (GMT+03:00),1.0001729882327426,1.000164038422506,undefined,undefined
Sat Mar 09 2024 21:00:00 GMT+0300 (GMT+03:00),1.0001725979793152,0.9988362089087044,undefined,undefined
Sat Mar 09 2024 22:00:00 GMT+0300 (GMT+03:00),1.0001738489453325,1.0001630718384413,undefined,undefined
Sat Mar 09 2024 23:00:00 GMT+0300 (GMT+03:00),1.0001734413124614,1.0001633243844845,undefined,undefined
Sun Mar 10 2024 00:00:00 GMT+0300 (GMT+03:00),1.00017315561822,1.0001634261876962,undefined,undefined
Sun Mar 10 2024 01:00:00 GMT+0300 (GMT+03:00),1.0001734358590975,1.0001632139429033,undefined,undefined
Sun Mar 10 2024 02:00:00 GMT+0300 (GMT+03:00),1.000174153617988,1.0001642249293232,undefined,undefined
Sun Mar 10 2024 03:00:00 GMT+0300 (GMT+03:00),1.0001736872600897,1.000164751789622,undefined,undefined
Sun Mar 10 2024 04:00:00 GMT+0300 (GMT+03:00),1.000174028902983,1.0001646100390749,undefined,undefined
Sun Mar 10 2024 05:00:00 GMT+0300 (GMT+03:00),0.9984467941524128,1.0001640580477305,undefined,undefined
Sun Mar 10 2024 06:00:00 GMT+0300 (GMT+03:00),1.0001702936434642,1.0001623753244009,undefined,undefined
Sun Mar 10 2024 07:00:00 GMT+0300 (GMT+03:00),1.0001708398829214,1.0001628069738817,undefined,undefined
Sun Mar 10 2024 08:00:00 GMT+0300 (GMT+03:00),1.0001729995091304,0.9989597060043137,undefined,undefined
Sun Mar 10 2024 09:00:00 GMT+0300 (GMT+03:00),1.000172149028201,1.0001617362582587,undefined,undefined
Sun Mar 10 2024 10:00:00 GMT+0300 (GMT+03:00),1.0001708490587535,1.0001624218398129,undefined,undefined
Sun Mar 10 2024 11:00:00 GMT+0300 (GMT+03:00),1.0001708944284387,1.000162380061717,undefined,undefined
Sun Mar 10 2024 12:00:00 GMT+0300 (GMT+03:00),1.0001711055760818,1.000162742525819,undefined,undefined
Sun Mar 10 2024 13:00:00 GMT+0300 (GMT+03:00),1.0001724993334755,1.0001631562649318,undefined,undefined
Sun Mar 10 2024 14:00:00 GMT+0300 (GMT+03:00),1.0001720696293768,1.000163488604923,undefined,undefined
Sun Mar 10 2024 15:00:00 GMT+0300 (GMT+03:00),1.0001718303929035,1.0001620263716373,undefined,undefined
Sun Mar 10 2024 16:00:00 GMT+0300 (GMT+03:00),1.0001728860650099,1.0001625984613172,undefined,undefined
Sun Mar 10 2024 17:00:00 GMT+0300 (GMT+03:00),1.0001735549863437,1.00016246686071,undefined,undefined
Sun Mar 10 2024 18:00:00 GMT+0300 (GMT+03:00),1.0001753451283597,1.0001625337672417,undefined,undefined
Sun Mar 10 2024 19:00:00 GMT+0300 (GMT+03:00),1.0001751166029431,0.9988741662696528,undefined,undefined
Sun Mar 10 2024 20:00:00 GMT+0300 (GMT+03:00),1.0001758240875926,1.0001637588825545,undefined,undefined
Sun Mar 10 2024 21:00:00 GMT+0300 (GMT+03:00),0.9984833459540584,1.000163831093438,undefined,undefined
Sun Mar 10 2024 22:00:00 GMT+0300 (GMT+03:00),1.0001759602254576,1.0001637649354331,undefined,undefined
Sun Mar 10 2024 23:00:00 GMT+0300 (GMT+03:00),1.00017558777599,1.0001639663618334,undefined,undefined
Mon Mar 11 2024 00:00:00 GMT+0300 (GMT+03:00),1.0001747084942392,1.000163897316917,undefined,undefined
Mon Mar 11 2024 01:00:00 GMT+0300 (GMT+03:00),1.0001746752484457,1.0001642048212986,undefined,undefined
Mon Mar 11 2024 02:00:00 GMT+0300 (GMT+03:00),1.0001756144779723,1.0001637715032337,undefined,undefined
Mon Mar 11 2024 03:00:00 GMT+0300 (GMT+03:00),1.0001759113036235,1.000163929941147,undefined,undefined
Mon Mar 11 2024 04:00:00 GMT+0300 (GMT+03:00),1.000175070417151,1.0001631500608419,undefined,undefined
Mon Mar 11 2024 05:00:00 GMT+0300 (GMT+03:00),1.0001748750233939,1.0001642648747302,undefined,undefined
Mon Mar 11 2024 06:00:00 GMT+0300 (GMT+03:00),1.0001748472976857,0.9989176286922679,undefined,undefined
Mon Mar 11 2024 07:00:00 GMT+0300 (GMT+03:00),1.0001742455016145,1.0001589030495166,undefined,undefined
Mon Mar 11 2024 08:00:00 GMT+0300 (GMT+03:00),1.0001744501757899,1.0001626915636597,undefined,undefined
Mon Mar 11 2024 09:00:00 GMT+0300 (GMT+03:00),1.0001753588116757,1.0001608413512786,undefined,undefined
Mon Mar 11 2024 10:00:00 GMT+0300 (GMT+03:00),1.0001750386827812,1.00016402813653,undefined,undefined
Mon Mar 11 2024 11:00:00 GMT+0300 (GMT+03:00),1.000175639733042,1.0001632880216407,undefined,undefined
Mon Mar 11 2024 12:00:00 GMT+0300 (GMT+03:00),1.0001750227149029,1.0001637279591524,undefined,undefined
Mon Mar 11 2024 13:00:00 GMT+0300 (GMT+03:00),1.0001759080090231,1.00016434592122,undefined,undefined
Mon Mar 11 2024 14:00:00 GMT+0300 (GMT+03:00),0.9984878690375926,1.0001637682928868,undefined,undefined
Mon Mar 11 2024 15:00:00 GMT+0300 (GMT+03:00),1.0001767826691796,1.0001636488541412,undefined,undefined
Mon Mar 11 2024 16:00:00 GMT+0300 (GMT+03:00),1.0001774148774247,1.0001630146186586,undefined,undefined
Mon Mar 11 2024 17:00:00 GMT+0300 (GMT+03:00),1.0001760245496734,0.998886899730459,undefined,undefined
Mon Mar 11 2024 18:00:00 GMT+0300 (GMT+03:00),1.0001766417439408,1.0001630830382007,undefined,undefined
Mon Mar 11 2024 19:00:00 GMT+0300 (GMT+03:00),1.0001767360122003,1.0001626104155714,undefined,undefined
Mon Mar 11 2024 20:00:00 GMT+0300 (GMT+03:00),1.0001772133742852,1.0001615027668231,undefined,undefined
Mon Mar 11 2024 21:00:00 GMT+0300 (GMT+03:00),1.0001771891215636,1.0001619632989567,undefined,undefined
Mon Mar 11 2024 22:00:00 GMT+0300 (GMT+03:00),1.0001767540357374,1.0001621940233294,undefined,undefined
Mon Mar 11 2024 23:00:00 GMT+0300 (GMT+03:00),1.0001772938276443,1.0001617481568925,undefined,undefined
Tue Mar 12 2024 00:00:00 GMT+0300 (GMT+03:00),1.0001774886887136,1.0001619385473306,undefined,undefined
Tue Mar 12 2024 01:00:00 GMT+0300 (GMT+03:00),1.0001777075471194,1.000162395748952,undefined,undefined
Tue Mar 12 2024 02:00:00 GMT+0300 (GMT+03:00),1.000177730774234,1.000159610767609,undefined,undefined
Tue Mar 12 2024 03:00:00 GMT+0300 (GMT+03:00),1.0001768537069144,1.0001584791054012,undefined,undefined
Tue Mar 12 2024 04:00:00 GMT+0300 (GMT+03:00),1.0001774990435157,0.9988663152187847,undefined,undefined
Tue Mar 12 2024 05:00:00 GMT+0300 (GMT+03:00),1.0001773428853198,1.0001622209466896,undefined,undefined
Tue Mar 12 2024 06:00:00 GMT+0300 (GMT+03:00),0.9984700194099978,1.0001625709504955,undefined,undefined
Tue Mar 12 2024 07:00:00 GMT+0300 (GMT+03:00),1.0001764788965442,1.000161500421971,undefined,undefined
Tue Mar 12 2024 08:00:00 GMT+0300 (GMT+03:00),1.0001757762139198,1.0001613389355994,undefined,undefined
Tue Mar 12 2024 09:00:00 GMT+0300 (GMT+03:00),1.0001758276657766,1.0001603097236018,undefined,undefined
Tue Mar 12 2024 10:00:00 GMT+0300 (GMT+03:00),1.0001757503592297,1.0001579511855876,undefined,undefined
Tue Mar 12 2024 11:00:00 GMT+0300 (GMT+03:00),1.0001732371296177,1.0001592410384263,undefined,undefined
Tue Mar 12 2024 12:00:00 GMT+0300 (GMT+03:00),1.0001720750338232,1.000161152540828,undefined,undefined
Tue Mar 12 2024 13:00:00 GMT+0300 (GMT+03:00),1.00017249354794,1.0001614462901516,undefined,undefined
Tue Mar 12 2024 14:00:00 GMT+0300 (GMT+03:00),1.0001724071778837,1.0001618059988209,undefined,undefined
Tue Mar 12 2024 15:00:00 GMT+0300 (GMT+03:00),1.000171933172252,0.35220699370340114,undefined,undefined
Tue Mar 12 2024 16:00:00 GMT+0300 (GMT+03:00),1.0001720898910755,0.0004197516911569041,undefined,undefined
Tue Mar 12 2024 17:00:00 GMT+0300 (GMT+03:00),1.0001720822872968,0.22631436799196616,undefined,undefined
Tue Mar 12 2024 18:00:00 GMT+0300 (GMT+03:00),1.0001723741320423,0.9973252300816035,undefined,undefined
Tue Mar 12 2024 19:00:00 GMT+0300 (GMT+03:00),1.000171935018246,0.9976125079568363,undefined,undefined
Tue Mar 12 2024 20:00:00 GMT+0300 (GMT+03:00),1.000171789633336,0.9975187610692551,undefined,undefined
Tue Mar 12 2024 21:00:00 GMT+0300 (GMT+03:00),1.0001720326236265,0.9975769517406577,undefined,undefined
Tue Mar 12 2024 22:00:00 GMT+0300 (GMT+03:00),0.998445180662804,1.0001619716618222,undefined,undefined
Tue Mar 12 2024 23:00:00 GMT+0300 (GMT+03:00),1.0001705942974624,0.99762821418078,undefined,undefined
Wed Mar 13 2024 00:00:00 GMT+0300 (GMT+03:00),1.000174382559278,0.924655026563965,undefined,undefined
Wed Mar 13 2024 01:00:00 GMT+0300 (GMT+03:00),1.0001735669388103,0.00033826873336702284,undefined,undefined
Wed Mar 13 2024 02:00:00 GMT+0300 (GMT+03:00),1.0001726038546794,0.00035295374397508264,undefined,undefined
Wed Mar 13 2024 03:00:00 GMT+0300 (GMT+03:00),1.0001733405341988,0.0003668701392128086,undefined,undefined
Wed Mar 13 2024 04:00:00 GMT+0300 (GMT+03:00),1.0001745085125189,0.0003597598728921377,undefined,undefined
Wed Mar 13 2024 05:00:00 GMT+0300 (GMT+03:00),1.00017395592892,0.0003772646909570228,undefined,undefined
Wed Mar 13 2024 06:00:00 GMT+0300 (GMT+03:00),1.0001738847510875,0.000378815540220739,undefined,undefined
Wed Mar 13 2024 07:00:00 GMT+0300 (GMT+03:00),1.0001736711966565,0.00039671639072229,undefined,undefined
Wed Mar 13 2024 08:00:00 GMT+0300 (GMT+03:00),1.0001743087047155,0.00038307956560994634,undefined,undefined
Wed Mar 13 2024 09:00:00 GMT+0300 (GMT+03:00),1.000173890495348,0.0003916991031446465,undefined,undefined
Wed Mar 13 2024 10:00:00 GMT+0300 (GMT+03:00),1.0001747340070921,0.0004044404652468258,undefined,undefined
Wed Mar 13 2024 11:00:00 GMT+0300 (GMT+03:00),1.0001745595325096,0.00037660219426727807,undefined,undefined
Wed Mar 13 2024 12:00:00 GMT+0300 (GMT+03:00),1.0001743485020815,0.00037501174860135323,undefined,undefined
Wed Mar 13 2024 13:00:00 GMT+0300 (GMT+03:00),1.0001741370544863,0.00037720316618850285,undefined,undefined
Wed Mar 13 2024 14:00:00 GMT+0300 (GMT+03:00),0.9984371840318367,0.7009033074126002,undefined,undefined
Wed Mar 13 2024 15:00:00 GMT+0300 (GMT+03:00),1.000173441362191,1.0001557139856645,undefined,undefined
Wed Mar 13 2024 16:00:00 GMT+0300 (GMT+03:00),1.0001737602705352,1.0001556766995068,undefined,undefined
Wed Mar 13 2024 17:00:00 GMT+0300 (GMT+03:00),1.0001734571894536,1.0001556334111634,undefined,undefined
Wed Mar 13 2024 18:00:00 GMT+0300 (GMT+03:00),1.0001736742896827,1.0001552470363066,undefined,undefined
Wed Mar 13 2024 19:00:00 GMT+0300 (GMT+03:00),1.0001745733220104,1.0001552851512472,undefined,undefined
Wed Mar 13 2024 20:00:00 GMT+0300 (GMT+03:00),1.0001740856547936,1.000155379431689,undefined,undefined
Wed Mar 13 2024 21:00:00 GMT+0300 (GMT+03:00),1.000174445362569,1.0001557911562764,undefined,undefined
Wed Mar 13 2024 22:00:00 GMT+0300 (GMT+03:00),1.0001750185830056,1.0001554423444812,undefined,undefined
Wed Mar 13 2024 23:00:00 GMT+0300 (GMT+03:00),1.0001749316109534,1.0001557845629596,undefined,undefined
Thu Mar 14 2024 00:00:00 GMT+0300 (GMT+03:00),1.0001749305793726,1.0001553546662931,undefined,undefined
Thu Mar 14 2024 01:00:00 GMT+0300 (GMT+03:00),1.0001746138935022,1.0001547324337126,undefined,undefined
Thu Mar 14 2024 02:00:00 GMT+0300 (GMT+03:00),1.0001741021947061,1.0001548687983868,undefined,undefined
Thu Mar 14 2024 03:00:00 GMT+0300 (GMT+03:00),1.000174699179555,1.0001547274535119,undefined,undefined
Thu Mar 14 2024 04:00:00 GMT+0300 (GMT+03:00),1.0001682569238717,1.0001549975246171,undefined,undefined
Thu Mar 14 2024 05:00:00 GMT+0300 (GMT+03:00),1.0001657840022298,1.0001555862160154,undefined,undefined
Thu Mar 14 2024 06:00:00 GMT+0300 (GMT+03:00),1.0001654077155018,0.9983588625387887,undefined,undefined
Thu Mar 14 2024 07:00:00 GMT+0300 (GMT+03:00),0.050088713082903524,1.0001563599458756,undefined,undefined
Thu Mar 14 2024 08:00:00 GMT+0300 (GMT+03:00),0.0003677069076873137,1.0001557142250097,undefined,undefined
Thu Mar 14 2024 09:00:00 GMT+0300 (GMT+03:00),0.00035619128488399325,1.000156103252231,undefined,undefined
Thu Mar 14 2024 10:00:00 GMT+0300 (GMT+03:00),0.0003677394863152217,1.0001563878353177,undefined,undefined
Thu Mar 14 2024 11:00:00 GMT+0300 (GMT+03:00),0.0003669477921835326,1.0001566831022972,undefined,undefined
Thu Mar 14 2024 12:00:00 GMT+0300 (GMT+03:00),0.00034748936928056113,1.0001586373809093,undefined,undefined
Thu Mar 14 2024 13:00:00 GMT+0300 (GMT+03:00),0.0003597139017280154,1.0001611432581294,undefined,undefined
Thu Mar 14 2024 14:00:00 GMT+0300 (GMT+03:00),0.00036535877219373076,1.0001626694969588,undefined,undefined
Thu Mar 14 2024 15:00:00 GMT+0300 (GMT+03:00),0.00036567091085769305,1.000177008931154,undefined,undefined
Thu Mar 14 2024 16:00:00 GMT+0300 (GMT+03:00),0.00037187302416905467,1.0001762068444497,undefined,undefined
Thu Mar 14 2024 17:00:00 GMT+0300 (GMT+03:00),0.0003729991024275395,1.0001757550533543,undefined,undefined
Thu Mar 14 2024 18:00:00 GMT+0300 (GMT+03:00),0.0027437304783461966,1.0001743576186475,undefined,undefined
Thu Mar 14 2024 19:00:00 GMT+0300 (GMT+03:00),0.001251132576350085,1.00017295971327,undefined,undefined
Thu Mar 14 2024 20:00:00 GMT+0300 (GMT+03:00),0.0003803171217676742,1.000174224640459,undefined,undefined
Thu Mar 14 2024 21:00:00 GMT+0300 (GMT+03:00),0.4359322893395173,1.0001686500279334,undefined,undefined
Thu Mar 14 2024 22:00:00 GMT+0300 (GMT+03:00),0.9975337682261056,0.9984726329130648,undefined,undefined
Thu Mar 14 2024 23:00:00 GMT+0300 (GMT+03:00),0.9950200806993458,1.0001731764623716,undefined,undefined
Fri Mar 15 2024 00:00:00 GMT+0300 (GMT+03:00),1.000162613325931,1.000175141953308,undefined,undefined
Fri Mar 15 2024 01:00:00 GMT+0300 (GMT+03:00),0.9975894369502,1.000174823977768,undefined,undefined
Fri Mar 15 2024 02:00:00 GMT+0300 (GMT+03:00),0.9975726144587281,1.0001752750827424,undefined,undefined
Fri Mar 15 2024 03:00:00 GMT+0300 (GMT+03:00),1.0001628418448805,1.0001753359039154,undefined,undefined
Fri Mar 15 2024 04:00:00 GMT+0300 (GMT+03:00),0.2825618065251602,1.0001752873232372,undefined,undefined
Fri Mar 15 2024 05:00:00 GMT+0300 (GMT+03:00),0.00035810846353250773,1.0001747576910953,undefined,undefined
Fri Mar 15 2024 06:00:00 GMT+0300 (GMT+03:00),0.00035881492756118985,1.0001751902136442,undefined,undefined
Fri Mar 15 2024 07:00:00 GMT+0300 (GMT+03:00),0.00037191055437568764,1.0001752375601318,undefined,undefined
Fri Mar 15 2024 08:00:00 GMT+0300 (GMT+03:00),0.0003686595242705684,1.0001758073231282,undefined,undefined
Fri Mar 15 2024 09:00:00 GMT+0300 (GMT+03:00),0.0003670001471405755,1.000176814081514,undefined,undefined
Fri Mar 15 2024 10:00:00 GMT+0300 (GMT+03:00),0.0003864673759336725,1.0001769681915529,undefined,undefined
Fri Mar 15 2024 11:00:00 GMT+0300 (GMT+03:00),0.9914599078472922,1.0001769754458738,undefined,undefined
Fri Mar 15 2024 12:00:00 GMT+0300 (GMT+03:00),1.0001637233839125,1.0001755802291024,undefined,undefined
Fri Mar 15 2024 13:00:00 GMT+0300 (GMT+03:00),1.0001639630292272,0.9985161914669374,undefined,undefined
Fri Mar 15 2024 14:00:00 GMT+0300 (GMT+03:00),1.0001638243184658,1.0001752209447496,undefined,undefined
Fri Mar 15 2024 15:00:00 GMT+0300 (GMT+03:00),1.0001637840089903,1.0001757681655057,undefined,undefined
Fri Mar 15 2024 16:00:00 GMT+0300 (GMT+03:00),1.0001638201409668,1.0001758499196118,undefined,undefined
Fri Mar 15 2024 17:00:00 GMT+0300 (GMT+03:00),1.0001640922099237,1.0001751820079166,undefined,undefined
Fri Mar 15 2024 18:00:00 GMT+0300 (GMT+03:00),1.0001644744451694,1.0001769846235637,undefined,undefined
Fri Mar 15 2024 19:00:00 GMT+0300 (GMT+03:00),1.0001640374004614,1.0001769219372993,undefined,undefined
Fri Mar 15 2024 20:00:00 GMT+0300 (GMT+03:00),1.0001642548105671,1.0001764398692363,undefined,undefined
Fri Mar 15 2024 21:00:00 GMT+0300 (GMT+03:00),1.000164013231747,1.0001759828274102,undefined,undefined
Fri Mar 15 2024 22:00:00 GMT+0300 (GMT+03:00),1.0001646801612971,1.0001773102188276,undefined,undefined
Fri Mar 15 2024 23:00:00 GMT+0300 (GMT+03:00),1.0001649180043843,1.000178077659438,undefined,undefined
Sat Mar 16 2024 00:00:00 GMT+0300 (GMT+03:00),1.0001656460027786,1.000177011054004,undefined,undefined
Sat Mar 16 2024 01:00:00 GMT+0300 (GMT+03:00),0.9985151618685234,1.000176928138356,undefined,undefined
Sat Mar 16 2024 02:00:00 GMT+0300 (GMT+03:00),1.0001633485367123,1.000174989517134,undefined,undefined
Sat Mar 16 2024 03:00:00 GMT+0300 (GMT+03:00),1.0001636018289368,1.0001762995952883,undefined,undefined
Sat Mar 16 2024 04:00:00 GMT+0300 (GMT+03:00),1.0001626913226918,1.000176732343495,undefined,undefined
Sat Mar 16 2024 05:00:00 GMT+0300 (GMT+03:00),1.0001632981704114,0.9984701483529015,undefined,undefined
Sat Mar 16 2024 06:00:00 GMT+0300 (GMT+03:00),1.000162894429893,1.0001743267159295,undefined,undefined
Sat Mar 16 2024 07:00:00 GMT+0300 (GMT+03:00),1.0001631002421163,1.0001743114197088,undefined,undefined
Sat Mar 16 2024 08:00:00 GMT+0300 (GMT+03:00),1.0001628446133075,1.000171271120598,undefined,undefined
Sat Mar 16 2024 09:00:00 GMT+0300 (GMT+03:00),1.0001632943233907,1.0001705977615118,undefined,undefined
Sat Mar 16 2024 10:00:00 GMT+0300 (GMT+03:00),1.0001634317761605,1.0001695730991786,undefined,undefined
Sat Mar 16 2024 11:00:00 GMT+0300 (GMT+03:00),1.000163766525479,1.0001739501823073,undefined,undefined
Sat Mar 16 2024 12:00:00 GMT+0300 (GMT+03:00),1.0001638141375582,1.0001733378887954,undefined,undefined
Sat Mar 16 2024 13:00:00 GMT+0300 (GMT+03:00),1.0001638818448975,1.0001741196787117,undefined,undefined
Sat Mar 16 2024 14:00:00 GMT+0300 (GMT+03:00),1.0001643436739807,1.0001742245320633,undefined,undefined
Sat Mar 16 2024 15:00:00 GMT+0300 (GMT+03:00),1.0001644811932129,1.0001755595928283,undefined,undefined
Sat Mar 16 2024 16:00:00 GMT+0300 (GMT+03:00),0.9985489465378111,1.0001745978821859,undefined,undefined
Sat Mar 16 2024 17:00:00 GMT+0300 (GMT+03:00),1.0001634728929236,1.0001742404878768,undefined,undefined
Sat Mar 16 2024 18:00:00 GMT+0300 (GMT+03:00),1.0001641899335545,1.0001736218804222,undefined,undefined
Sat Mar 16 2024 19:00:00 GMT+0300 (GMT+03:00),1.0001659636217817,1.0001746732971368,undefined,undefined
Sat Mar 16 2024 20:00:00 GMT+0300 (GMT+03:00),1.000165101583351,1.0001747277199828,undefined,undefined
Sat Mar 16 2024 21:00:00 GMT+0300 (GMT+03:00),1.0001644672286423,0.9984198829536141,undefined,undefined
Sat Mar 16 2024 22:00:00 GMT+0300 (GMT+03:00),1.0001645686858418,1.0001761386179686,undefined,undefined
Sat Mar 16 2024 23:00:00 GMT+0300 (GMT+03:00),1.0001636965984402,1.0001754105502667,undefined,undefined
Sun Mar 17 2024 00:00:00 GMT+0300 (GMT+03:00),1.0001642544656484,1.0001758083504284,undefined,undefined
Sun Mar 17 2024 01:00:00 GMT+0300 (GMT+03:00),1.0001683730615134,1.0001755294152963,undefined,undefined
Sun Mar 17 2024 02:00:00 GMT+0300 (GMT+03:00),1.0001685149097024,1.0001763321292787,undefined,undefined
Sun Mar 17 2024 03:00:00 GMT+0300 (GMT+03:00),1.0001678744704945,1.0001763976792415,undefined,undefined
Sun Mar 17 2024 04:00:00 GMT+0300 (GMT+03:00),1.0001688360135927,1.0001757247636156,undefined,undefined
Sun Mar 17 2024 05:00:00 GMT+0300 (GMT+03:00),1.0001678218763097,1.0001752473600445,undefined,undefined
Sun Mar 17 2024 06:00:00 GMT+0300 (GMT+03:00),1.0001670987391376,1.0001765876015027,undefined,undefined
Sun Mar 17 2024 07:00:00 GMT+0300 (GMT+03:00),0.9985262649195418,1.0001754301126031,undefined,undefined
Sun Mar 17 2024 08:00:00 GMT+0300 (GMT+03:00),1.000166782758039,1.0001760215020379,undefined,undefined
Sun Mar 17 2024 09:00:00 GMT+0300 (GMT+03:00),1.000167530278459,1.000175136923978,undefined,undefined
Sun Mar 17 2024 10:00:00 GMT+0300 (GMT+03:00),1.0001674897750052,1.0001761250178836,undefined,undefined
Sun Mar 17 2024 11:00:00 GMT+0300 (GMT+03:00),1.0001680193594047,1.000176822495802,undefined,undefined
Sun Mar 17 2024 12:00:00 GMT+0300 (GMT+03:00),1.0001670997381926,1.0001757555564563,undefined,undefined
Sun Mar 17 2024 13:00:00 GMT+0300 (GMT+03:00),1.000166865142222,0.9984741691780284,undefined,undefined
Sun Mar 17 2024 14:00:00 GMT+0300 (GMT+03:00),1.00016615376502,1.000175072547669,undefined,undefined
Sun Mar 17 2024 15:00:00 GMT+0300 (GMT+03:00),1.000167181924587,1.0001737865698377,undefined,undefined
Sun Mar 17 2024 16:00:00 GMT+0300 (GMT+03:00),1.0001671659896585,1.0001734165667149,undefined,undefined
Sun Mar 17 2024 17:00:00 GMT+0300 (GMT+03:00),1.0001664998391264,1.0001738785587324,undefined,undefined
Sun Mar 17 2024 18:00:00 GMT+0300 (GMT+03:00),1.000166730030882,1.0001746845760884,undefined,undefined
Sun Mar 17 2024 19:00:00 GMT+0300 (GMT+03:00),1.0001666928437831,1.0001756113053135,undefined,undefined
Sun Mar 17 2024 20:00:00 GMT+0300 (GMT+03:00),1.0001660048481869,1.0001753185909112,undefined,undefined
Sun Mar 17 2024 21:00:00 GMT+0300 (GMT+03:00),1.0001662233312887,1.0001752722531914,undefined,undefined
Sun Mar 17 2024 22:00:00 GMT+0300 (GMT+03:00),0.99842671256757,1.0001749220617926,undefined,undefined
Sun Mar 17 2024 23:00:00 GMT+0300 (GMT+03:00),1.0001675783472623,1.0001754131020901,undefined,undefined
Mon Mar 18 2024 00:00:00 GMT+0300 (GMT+03:00),1.0001668014207552,1.0001758044086058,undefined,undefined
Mon Mar 18 2024 01:00:00 GMT+0300 (GMT+03:00),1.0001667202522297,1.0001759237868504,undefined,undefined
Mon Mar 18 2024 02:00:00 GMT+0300 (GMT+03:00),1.0001666383336139,1.0001757664093749,undefined,undefined
Mon Mar 18 2024 03:00:00 GMT+0300 (GMT+03:00),1.0001672311398584,1.0001765177611526,undefined,undefined
Mon Mar 18 2024 04:00:00 GMT+0300 (GMT+03:00),1.0001671986348666,1.0001764243507683,undefined,undefined
Mon Mar 18 2024 05:00:00 GMT+0300 (GMT+03:00),1.0001663254966227,0.9984778864724994,undefined,undefined
Mon Mar 18 2024 06:00:00 GMT+0300 (GMT+03:00),1.000166388063908,1.0001770849546625,undefined,undefined
Mon Mar 18 2024 07:00:00 GMT+0300 (GMT+03:00),1.0001669792069425,1.0001764575810164,undefined,undefined
Mon Mar 18 2024 08:00:00 GMT+0300 (GMT+03:00),1.0001663770000313,1.0001767805846635,undefined,undefined
Mon Mar 18 2024 09:00:00 GMT+0300 (GMT+03:00),0.999867511328611,1.0001773324913599,undefined,undefined
Mon Mar 18 2024 10:00:00 GMT+0300 (GMT+03:00),1.0001594446303625,1.00017655817726,undefined,undefined
Mon Mar 18 2024 11:00:00 GMT+0300 (GMT+03:00),1.000167208386237,1.0001728262978067,undefined,undefined
Mon Mar 18 2024 12:00:00 GMT+0300 (GMT+03:00),1.000166517641593,1.0001724053648855,undefined,undefined
Mon Mar 18 2024 13:00:00 GMT+0300 (GMT+03:00),0.9985121825494044,1.000175232222172,undefined,undefined
Mon Mar 18 2024 14:00:00 GMT+0300 (GMT+03:00),1.0001667972699257,1.000176942367107,undefined,undefined
Mon Mar 18 2024 15:00:00 GMT+0300 (GMT+03:00),1.0001663941345786,1.0001779792472876,undefined,undefined
Mon Mar 18 2024 16:00:00 GMT+0300 (GMT+03:00),1.0001677111509928,1.0001772153302273,undefined,undefined
Mon Mar 18 2024 17:00:00 GMT+0300 (GMT+03:00),1.0001674076399272,1.0001771915536561,undefined,undefined
Mon Mar 18 2024 18:00:00 GMT+0300 (GMT+03:00),1.0001671993984567,1.0001745620454576,undefined,undefined
Mon Mar 18 2024 19:00:00 GMT+0300 (GMT+03:00),1.0001663441259907,1.0001721686492628,undefined,undefined
Mon Mar 18 2024 20:00:00 GMT+0300 (GMT+03:00),1.0001664397671275,1.0001747139383368,undefined,undefined
Mon Mar 18 2024 21:00:00 GMT+0300 (GMT+03:00),1.0001671549620466,0.9984674041130286,undefined,undefined
Mon Mar 18 2024 22:00:00 GMT+0300 (GMT+03:00),1.0001684605291659,1.0001760349175284,undefined,undefined
Mon Mar 18 2024 23:00:00 GMT+0300 (GMT+03:00),1.00016778607293,1.0001760646587499,undefined,undefined
Tue Mar 19 2024 00:00:00 GMT+0300 (GMT+03:00),1.0001631918057068,1.0001756895645852,undefined,undefined
Tue Mar 19 2024 01:00:00 GMT+0300 (GMT+03:00),1.0001683009263465,1.0001765153654898,undefined,undefined
Tue Mar 19 2024 02:00:00 GMT+0300 (GMT+03:00),1.0001676079155315,1.0001766166056159,undefined,undefined
Tue Mar 19 2024 03:00:00 GMT+0300 (GMT+03:00),1.0001670967313376,1.0001769926833608,undefined,undefined
Tue Mar 19 2024 04:00:00 GMT+0300 (GMT+03:00),0.9985068044914497,1.000175736793552,undefined,undefined
Tue Mar 19 2024 05:00:00 GMT+0300 (GMT+03:00),1.0001686318440721,1.0001749802372806,undefined,undefined
Tue Mar 19 2024 06:00:00 GMT+0300 (GMT+03:00),1.000169524959373,1.0001756388692633,undefined,undefined
Tue Mar 19 2024 07:00:00 GMT+0300 (GMT+03:00),1.0001695603041467,1.0001758405426988,undefined,undefined
Tue Mar 19 2024 08:00:00 GMT+0300 (GMT+03:00),1.0001707823741053,1.0001754610033027,undefined,undefined
Tue Mar 19 2024 09:00:00 GMT+0300 (GMT+03:00),1.0001714865370377,1.0001760825265498,undefined,undefined
Tue Mar 19 2024 10:00:00 GMT+0300 (GMT+03:00),1.000169730496386,1.0001753486244647,undefined,undefined
Tue Mar 19 2024 11:00:00 GMT+0300 (GMT+03:00),1.0001708733553838,1.0001758579178852,undefined,undefined
Tue Mar 19 2024 12:00:00 GMT+0300 (GMT+03:00),1.0001708241761427,1.0001756457763373,undefined,undefined
Tue Mar 19 2024 13:00:00 GMT+0300 (GMT+03:00),1.0001712010414197,0.998466477326983,undefined,undefined
Tue Mar 19 2024 14:00:00 GMT+0300 (GMT+03:00),1.0001699919085665,1.0001753498744124,undefined,undefined
Tue Mar 19 2024 15:00:00 GMT+0300 (GMT+03:00),1.0001703415441825,1.0001750889155696,undefined,undefined
Tue Mar 19 2024 16:00:00 GMT+0300 (GMT+03:00),1.0001704903978461,1.000175938513553,undefined,undefined
Tue Mar 19 2024 17:00:00 GMT+0300 (GMT+03:00),1.0001710094308782,1.0001761262831421,undefined,undefined
Tue Mar 19 2024 18:00:00 GMT+0300 (GMT+03:00),1.0001709322417345,1.0001750419166577,undefined,undefined
Tue Mar 19 2024 19:00:00 GMT+0300 (GMT+03:00),0.9984539734816289,1.0001759420108107,undefined,undefined
Tue Mar 19 2024 20:00:00 GMT+0300 (GMT+03:00),1.000171826615497,1.0001760298551787,undefined,undefined
Tue Mar 19 2024 21:00:00 GMT+0300 (GMT+03:00),1.0001731003481296,1.0001746530989841,undefined,undefined
Tue Mar 19 2024 22:00:00 GMT+0300 (GMT+03:00),1.0001732237470065,1.0001744129809764,undefined,undefined
Tue Mar 19 2024 23:00:00 GMT+0300 (GMT+03:00),1.0001728375283345,1.0001743534943934,undefined,undefined
Wed Mar 20 2024 00:00:00 GMT+0300 (GMT+03:00),1.000173696228209,1.0001739080742262,undefined,undefined
Wed Mar 20 2024 01:00:00 GMT+0300 (GMT+03:00),1.0001730761209013,1.0001739293218337,undefined,undefined
Wed Mar 20 2024 02:00:00 GMT+0300 (GMT+03:00),1.000172973248609,1.0001742104064166,undefined,undefined
Wed Mar 20 2024 03:00:00 GMT+0300 (GMT+03:00),1.0001721707843434,1.0001741647522782,undefined,undefined
Wed Mar 20 2024 04:00:00 GMT+0300 (GMT+03:00),1.0001716687138467,1.0001733941656794,undefined,undefined
Wed Mar 20 2024 05:00:00 GMT+0300 (GMT+03:00),1.0001732552685125,0.03084466812323139,undefined,undefined
Wed Mar 20 2024 06:00:00 GMT+0300 (GMT+03:00),1.0001725418678473,0.00040547826219199584,undefined,undefined
Wed Mar 20 2024 07:00:00 GMT+0300 (GMT+03:00),1.0001719295520413,0.00039264482497755024,undefined,undefined
Wed Mar 20 2024 08:00:00 GMT+0300 (GMT+03:00),1.0001721179599619,0.00038987953883755686,undefined,undefined
Wed Mar 20 2024 09:00:00 GMT+0300 (GMT+03:00),1.000171365012001,0.0003929805115918921,undefined,undefined
Wed Mar 20 2024 10:00:00 GMT+0300 (GMT+03:00),0.9984128948746039,0.00043814257154184763,undefined,undefined
Wed Mar 20 2024 11:00:00 GMT+0300 (GMT+03:00),1.0001721704265365,0.00040012713742790506,undefined,undefined
Wed Mar 20 2024 12:00:00 GMT+0300 (GMT+03:00),1.0001717270404624,0.00039159141297480366,undefined,undefined
Wed Mar 20 2024 13:00:00 GMT+0300 (GMT+03:00),1.0001713984445055,0.00039531727250891204,undefined,undefined
Wed Mar 20 2024 14:00:00 GMT+0300 (GMT+03:00),1.0001714210553712,0.0009090289460363412,undefined,undefined
Wed Mar 20 2024 15:00:00 GMT+0300 (GMT+03:00),1.0001712326855026,0.001226692714474418,undefined,undefined
Wed Mar 20 2024 16:00:00 GMT+0300 (GMT+03:00),1.0001725116969005,0.00040470301921507643,undefined,undefined
Wed Mar 20 2024 17:00:00 GMT+0300 (GMT+03:00),1.0001729462261433,0.0003916888945557252,undefined,undefined
Wed Mar 20 2024 18:00:00 GMT+0300 (GMT+03:00),1.000173632123771,0.0003851229271785628,undefined,undefined
Wed Mar 20 2024 19:00:00 GMT+0300 (GMT+03:00),1.0001736728871957,0.00039645411558637415,undefined,undefined
Wed Mar 20 2024 20:00:00 GMT+0300 (GMT+03:00),1.0001736174151772,0.00039641759918080733,undefined,undefined
Wed Mar 20 2024 21:00:00 GMT+0300 (GMT+03:00),1.000173319751406,0.0003502728040283076,undefined,undefined
Wed Mar 20 2024 22:00:00 GMT+0300 (GMT+03:00),1.0001730170749086,0.0003554671846631199,undefined,undefined
Wed Mar 20 2024 23:00:00 GMT+0300 (GMT+03:00),1.000173248564166,0.0003559850397134069,undefined,undefined
Thu Mar 21 2024 00:00:00 GMT+0300 (GMT+03:00),1.0001737675312061,0.0003670459817342383,undefined,undefined
Thu Mar 21 2024 01:00:00 GMT+0300 (GMT+03:00),0.9985246965136714,0.00037944486886827333,undefined,undefined
Thu Mar 21 2024 02:00:00 GMT+0300 (GMT+03:00),1.0001719414790848,0.0003740310131788556,undefined,undefined
Thu Mar 21 2024 03:00:00 GMT+0300 (GMT+03:00),1.000171451190336,0.00037808441561693805,undefined,undefined
Thu Mar 21 2024 04:00:00 GMT+0300 (GMT+03:00),1.0001714729591074,0.00038369533492985987,undefined,undefined
Thu Mar 21 2024 05:00:00 GMT+0300 (GMT+03:00),1.0001724899615245,0.00037313820314452493,undefined,undefined
Thu Mar 21 2024 06:00:00 GMT+0300 (GMT+03:00),1.000172167388779,0.00040590954572903063,undefined,undefined
Thu Mar 21 2024 07:00:00 GMT+0300 (GMT+03:00),1.0001720577908795,0.0003769346115395728,undefined,undefined
Thu Mar 21 2024 08:00:00 GMT+0300 (GMT+03:00),1.0001720152508395,0.0003964152977322088,undefined,undefined
Thu Mar 21 2024 09:00:00 GMT+0300 (GMT+03:00),1.0001720326241446,0.00042097853082749575,undefined,undefined
Thu Mar 21 2024 10:00:00 GMT+0300 (GMT+03:00),1.000171450471666,0.00037386968426142994,undefined,undefined
Thu Mar 21 2024 11:00:00 GMT+0300 (GMT+03:00),1.0001722650510265,0.00036656790483517184,undefined,undefined
Thu Mar 21 2024 12:00:00 GMT+0300 (GMT+03:00),1.00017284142686,0.0003588077520500079,undefined,undefined
Thu Mar 21 2024 13:00:00 GMT+0300 (GMT+03:00),1.0001727777615546,0.0003808816415587007,undefined,undefined