Cluster,Members,Representative,"Weighted Score"
0,101,Center,-1280.9
0,101,"Lowest Energy",-1771.1
1,73,Center,-1432.0
1,73,"Lowest Energy",-1516.0
2,66,Center,-1415.9
2,66,"Lowest Energy",-1780.3
3,46,Center,-1320.7
3,46,"Lowest Energy",-1337.6
4,45,Center,-1399.1
4,45,"Lowest Energy",-2009.3
5,36,Center,-1473.0
5,36,"Lowest Energy",-1473.0
6,32,Center,-1304.6
6,32,"Lowest Energy",-1304.6
7,30,Center,-1337.7
7,30,"Lowest Energy",-1555.1
8,30,Center,-1421.6
8,30,"Lowest Energy",-1505.4
9,29,Center,-1304.0
9,29,"Lowest Energy",-1613.1
10,26,Center,-1728.8
10,26,"Lowest Energy",-1728.8
11,26,Center,-1633.6
11,26,"Lowest Energy",-1633.6
12,24,Center,-1295.8
12,24,"Lowest Energy",-1777.4
13,24,Center,-1432.5
13,24,"Lowest Energy",-1500.6
14,23,Center,-1438.4
14,23,"Lowest Energy",-2006.1
15,20,Center,-1236.8
15,20,"Lowest Energy",-1648.9
16,19,Center,-1548.8
16,19,"Lowest Energy",-1687.2
17,19,Center,-1367.6
17,19,"Lowest Energy",-1412.6
18,18,Center,-1316.9
18,18,"Lowest Energy",-1540.8
19,18,Center,-1252.7
19,18,"Lowest Energy",-1514.0
20,16,Center,-1361.4
20,16,"Lowest Energy",-1436.1
21,16,Center,-1304.5
21,16,"Lowest Energy",-1321.3
22,16,Center,-1506.3
22,16,"Lowest Energy",-1506.3
23,15,Center,-1260.0
23,15,"Lowest Energy",-1649.5
24,15,Center,-1652.0
24,15,"Lowest Energy",-1652.0
25,15,Center,-1310.3
25,15,"Lowest Energy",-1416.9
26,15,Center,-1492.8
26,15,"Lowest Energy",-1492.8
27,15,Center,-1397.4
27,15,"Lowest Energy",-1397.4
28,13,Center,-1240.9
28,13,"Lowest Energy",-1384.5
29,12,Center,-1449.4
29,12,"Lowest Energy",-1471.9
