Cluster,Members,Representative,"Weighted Score"
0,135,Center,-2433.3
0,135,"Lowest Energy",-2633.7
1,87,Center,-2629.0
1,87,"Lowest Energy",-2924.9
2,74,Center,-2354.6
2,74,"Lowest Energy",-2915.3
3,66,Center,-2307.9
3,66,"Lowest Energy",-2648.6
4,52,Center,-2639.2
4,52,"Lowest Energy",-3323.8
5,51,Center,-2353.2
5,51,"Lowest Energy",-2620.1
6,48,Center,-2265.3
6,48,"Lowest Energy",-2473.3
7,48,Center,-2294.3
7,48,"Lowest Energy",-2684.4
8,46,Center,-2478.0
8,46,"Lowest Energy",-2865.5
9,42,Center,-2268.5
9,42,"Lowest Energy",-3139.5
10,40,Center,-2725.0
10,40,"Lowest Energy",-2725.0
11,35,Center,-2971.3
11,35,"Lowest Energy",-2971.3
12,30,Center,-2384.1
12,30,"Lowest Energy",-2786.0
13,28,Center,-2448.5
13,28,"Lowest Energy",-2470.5
14,24,Center,-2424.2
14,24,"Lowest Energy",-2673.2
15,20,Center,-2272.3
15,20,"Lowest Energy",-2469.3
16,19,Center,-2280.8
16,19,"Lowest Energy",-2546.0
17,19,Center,-2278.9
17,19,"Lowest Energy",-2691.4
18,18,Center,-2423.2
18,18,"Lowest Energy",-2874.5
19,18,Center,-2337.2
19,18,"Lowest Energy",-2523.3
20,17,Center,-2363.4
20,17,"Lowest Energy",-2934.0
21,14,Center,-2441.9
21,14,"Lowest Energy",-2674.0
22,11,Center,-2281.7
22,11,"Lowest Energy",-2662.9
23,11,Center,-2421.8
23,11,"Lowest Energy",-2421.8
24,6,Center,-2241.8
24,6,"Lowest Energy",-2526.2
25,6,Center,-2264.7
25,6,"Lowest Energy",-2547.0
