Cluster,Members,Representative,"Weighted Score"
0,129,Center,-1092.9
0,129,"Lowest Energy",-1171.5
1,84,Center,-1101.2
1,84,"Lowest Energy",-1381.4
2,78,Center,-885.0
2,78,"Lowest Energy",-1008.3
3,68,Center,-931.0
3,68,"Lowest Energy",-1088.6
4,63,Center,-910.0
4,63,"Lowest Energy",-1075.4
5,62,Center,-1160.8
5,62,"Lowest Energy",-1160.8
6,59,Center,-918.9
6,59,"Lowest Energy",-1046.0
7,48,Center,-928.1
7,48,"Lowest Energy",-1077.5
8,44,Center,-892.2
8,44,"Lowest Energy",-1398.7
9,37,Center,-1028.9
9,37,"Lowest Energy",-1096.2
10,35,Center,-1042.0
10,35,"Lowest Energy",-1177.3
11,32,Center,-1064.2
11,32,"Lowest Energy",-1064.2
12,32,Center,-1059.7
12,32,"Lowest Energy",-1059.7
13,28,Center,-933.1
13,28,"Lowest Energy",-1078.5
14,24,Center,-914.5
14,24,"Lowest Energy",-962.9
15,23,Center,-934.4
15,23,"Lowest Energy",-1025.8
16,20,Center,-918.0
16,20,"Lowest Energy",-945.8
17,18,Center,-929.8
17,18,"Lowest Energy",-1060.3
18,17,Center,-994.0
18,17,"Lowest Energy",-994.0
19,14,Center,-951.1
19,14,"Lowest Energy",-951.1
20,13,Center,-960.5
20,13,"Lowest Energy",-960.5
21,11,Center,-1083.0
21,11,"Lowest Energy",-1083.0
22,11,Center,-912.7
22,11,"Lowest Energy",-912.7
