Cluster,Members,Representative,"Weighted Score"
0,113,Center,-106.9
0,113,"Lowest Energy",-114.0
1,90,Center,-89.9
1,90,"Lowest Energy",-143.3
2,76,Center,-94.6
2,76,"Lowest Energy",-126.1
3,61,Center,-90.9
3,61,"Lowest Energy",-119.1
4,54,Center,-100.5
4,54,"Lowest Energy",-123.6
5,54,Center,-123.6
5,54,"Lowest Energy",-123.6
6,42,Center,-106.3
6,42,"Lowest Energy",-131.1
7,42,Center,-103.7
7,42,"Lowest Energy",-121.9
8,40,Center,-92.1
8,40,"Lowest Energy",-112.8
9,33,Center,-113.4
9,33,"Lowest Energy",-113.4
10,31,Center,-102.0
10,31,"Lowest Energy",-134.1
11,31,Center,-157.0
11,31,"Lowest Energy",-157.0
12,28,Center,-92.3
12,28,"Lowest Energy",-112.3
13,28,Center,-98.9
13,28,"Lowest Energy",-143.2
14,28,Center,-101.4
14,28,"Lowest Energy",-103.5
15,27,Center,-126.4
15,27,"Lowest Energy",-126.4
16,25,Center,-116.1
16,25,"Lowest Energy",-116.1
17,22,Center,-109.4
17,22,"Lowest Energy",-109.4
18,21,Center,-113.1
18,21,"Lowest Energy",-113.1
19,20,Center,-104.6
19,20,"Lowest Energy",-104.6
20,16,Center,-101.3
20,16,"Lowest Energy",-102.5
21,11,Center,-101.3
21,11,"Lowest Energy",-101.3
22,10,Center,-111.3
22,10,"Lowest Energy",-111.3
23,10,Center,-95.5
23,10,"Lowest Energy",-104.0
24,7,Center,-95.3
24,7,"Lowest Energy",-99.2
