Cluster,Members,Representative,"Weighted Score"
0,124,Center,-1081.2
0,124,"Lowest Energy",-1150.1
1,63,Center,-921.2
1,63,"Lowest Energy",-1088.2
2,63,Center,-979.0
2,63,"Lowest Energy",-979.0
3,62,Center,-947.2
3,62,"Lowest Energy",-1366.4
4,61,Center,-1155.1
4,61,"Lowest Energy",-1155.1
5,58,Center,-911.9
5,58,"Lowest Energy",-1040.6
6,48,Center,-959.3
6,48,"Lowest Energy",-1076.4
7,46,Center,-918.7
7,46,"Lowest Energy",-1075.2
8,45,Center,-1396.4
8,45,"Lowest Energy",-1396.4
9,44,Center,-894.6
9,44,"Lowest Energy",-1048.5
10,41,Center,-1048.1
10,41,"Lowest Energy",-1112.1
11,35,Center,-884.5
11,35,"Lowest Energy",-1055.3
12,32,Center,-1021.2
12,32,"Lowest Energy",-1139.8
13,32,Center,-1048.7
13,32,"Lowest Energy",-1048.7
14,29,Center,-1107.0
14,29,"Lowest Energy",-1318.7
15,24,Center,-903.1
15,24,"Lowest Energy",-958.5
16,23,Center,-912.6
16,23,"Lowest Energy",-994.6
17,18,Center,-920.9
17,18,"Lowest Energy",-1057.4
18,18,Center,-920.9
18,18,"Lowest Energy",-920.9
19,17,Center,-923.5
19,17,"Lowest Energy",-996.2
20,17,Center,-966.9
20,17,"Lowest Energy",-966.9
21,16,Center,-962.3
21,16,"Lowest Energy",-962.3
22,15,Center,-919.1
22,15,"Lowest Energy",-920.4
23,14,Center,-954.5
23,14,"Lowest Energy",-954.5
24,13,Center,-961.0
24,13,"Lowest Energy",-961.0
25,12,Center,-1062.9
25,12,"Lowest Energy",-1062.9
26,10,Center,-900.1
26,10,"Lowest Energy",-900.1
