Cluster,Members,Representative,"Weighted Score"
0,143,Center,-2103.4
0,143,"Lowest Energy",-2269.7
1,96,Center,-2063.7
1,96,"Lowest Energy",-2063.7
2,68,Center,-1946.2
2,68,"Lowest Energy",-2099.8
3,64,Center,-2028.3
3,64,"Lowest Energy",-2100.5
4,62,Center,-1843.1
4,62,"Lowest Energy",-2621.4
5,61,Center,-1812.9
5,61,"Lowest Energy",-2125.5
6,53,Center,-2103.6
6,53,"Lowest Energy",-2103.6
7,47,Center,-1693.0
7,47,"Lowest Energy",-2152.8
8,45,Center,-2120.0
8,45,"Lowest Energy",-2601.8
9,45,Center,-1647.1
9,45,"Lowest Energy",-1914.9
10,44,Center,-1944.8
10,44,"Lowest Energy",-1944.8
11,43,Center,-1849.6
11,43,"Lowest Energy",-2268.9
12,28,Center,-1726.5
12,28,"Lowest Energy",-1801.3
13,27,Center,-1714.8
13,27,"Lowest Energy",-1931.3
14,26,Center,-1690.6
14,26,"Lowest Energy",-1772.6
15,26,Center,-1872.2
15,26,"Lowest Energy",-1872.2
16,25,Center,-1760.0
16,25,"Lowest Energy",-1898.6
17,21,Center,-1757.9
17,21,"Lowest Energy",-1757.9
18,19,Center,-1700.7
18,19,"Lowest Energy",-2111.7
19,17,Center,-1797.1
19,17,"Lowest Energy",-1797.1
20,14,Center,-2045.9
20,14,"Lowest Energy",-2045.9
21,10,Center,-1705.5
21,10,"Lowest Energy",-1891.4
22,9,Center,-1649.4
22,9,"Lowest Energy",-1786.6
