Cluster,Members,Representative,"Weighted Score"
0,141,Center,-290.8
0,141,"Lowest Energy",-317.7
1,83,Center,-305.7
1,83,"Lowest Energy",-346.4
2,70,Center,-240.8
2,70,"Lowest Energy",-267.7
3,60,Center,-232.3
3,60,"Lowest Energy",-301.9
4,57,Center,-231.3
4,57,"Lowest Energy",-284.9
5,53,Center,-214.5
5,53,"Lowest Energy",-275.8
6,49,Center,-236.2
6,49,"Lowest Energy",-282.4
7,46,Center,-239.9
7,46,"Lowest Energy",-286.9
8,41,Center,-255.4
8,41,"Lowest Energy",-312.4
9,36,Center,-290.6
9,36,"Lowest Energy",-300.5
10,36,Center,-257.4
10,36,"Lowest Energy",-258.3
11,31,Center,-236.0
11,31,"Lowest Energy",-329.6
12,31,Center,-226.8
12,31,"Lowest Energy",-289.4
13,28,Center,-286.1
13,28,"Lowest Energy",-330.7
14,27,Center,-218.3
14,27,"Lowest Energy",-242.6
15,27,Center,-246.3
15,27,"Lowest Energy",-246.3
16,25,Center,-226.2
16,25,"Lowest Energy",-259.3
17,24,Center,-233.3
17,24,"Lowest Energy",-271.4
18,23,Center,-327.1
18,23,"Lowest Energy",-327.1
19,21,Center,-216.1
19,21,"Lowest Energy",-249.4
20,21,Center,-278.2
20,21,"Lowest Energy",-311.6
21,14,Center,-214.5
21,14,"Lowest Energy",-280.4
22,14,Center,-233.0
22,14,"Lowest Energy",-234.5
23,9,Center,-214.7
23,9,"Lowest Energy",-244.8
24,9,Center,-213.8
24,9,"Lowest Energy",-243.3
25,7,Center,-216.1
25,7,"Lowest Energy",-241.2
