Cluster,Members,Representative,"Weighted Score"
0,91,Center,-1266.8
0,91,"Lowest Energy",-1721.5
1,76,Center,-1441.5
1,76,"Lowest Energy",-1523.1
2,65,Center,-1264.5
2,65,"Lowest Energy",-1339.5
3,54,Center,-1499.8
3,54,"Lowest Energy",-2037.2
4,47,Center,-1369.8
4,47,"Lowest Energy",-1696.2
5,37,Center,-1225.6
5,37,"Lowest Energy",-1354.2
6,36,Center,-1452.2
6,36,"Lowest Energy",-1452.2
7,29,Center,-1432.5
7,29,"Lowest Energy",-1512.7
8,26,Center,-1596.4
8,26,"Lowest Energy",-1596.4
9,25,Center,-1404.3
9,25,"Lowest Energy",-1621.4
10,24,Center,-1258.0
10,24,"Lowest Energy",-1303.9
11,24,Center,-1396.1
11,24,"Lowest Energy",-1495.5
12,21,Center,-1377.1
12,21,"Lowest Energy",-1728.1
13,21,Center,-1244.2
13,21,"Lowest Energy",-1454.7
14,20,Center,-1375.3
14,20,"Lowest Energy",-1735.4
15,20,Center,-1237.9
15,20,"Lowest Energy",-1620.3
16,19,Center,-1330.4
16,19,"Lowest Energy",-1677.5
17,18,Center,-1355.5
17,18,"Lowest Energy",-1421.5
18,17,Center,-1311.1
18,17,"Lowest Energy",-1548.8
19,17,Center,-1243.1
19,17,"Lowest Energy",-1355.2
20,17,Center,-1302.1
20,17,"Lowest Energy",-1330.0
21,17,Center,-1519.1
21,17,"Lowest Energy",-1519.1
22,16,Center,-1321.1
22,16,"Lowest Energy",-1765.2
23,15,Center,-1312.5
23,15,"Lowest Energy",-1723.6
24,14,Center,-1393.2
24,14,"Lowest Energy",-1393.2
25,14,Center,-1312.8
25,14,"Lowest Energy",-1393.5
26,13,Center,-1577.9
26,13,"Lowest Energy",-1577.9
27,13,Center,-1308.7
27,13,"Lowest Energy",-1337.7
28,13,Center,-1443.0
28,13,"Lowest Energy",-1443.0
29,11,Center,-1233.4
29,11,"Lowest Energy",-1378.6
